<?xml version="1.0" encoding="UTF-8" standalone="yes"?><history><sql date="1671271523291" url="jdbc:derby://localhost:1527/RubricaTelefonica">SELECT * FROM ROOT.CONTATTOTELEFONICO FETCH FIRST 100 ROWS ONLY</sql><sql date="1671270691519" url="jdbc:derby://localhost:1527/sample">SELECT * FROM APP.CUSTOMER FETCH FIRST 100 ROWS ONLY</sql><sql date="1671276116021" url="jdbc:derby://localhost:1527/RegistroContatti">SELECT * FROM ROOT.CONTATTO FETCH FIRST 100 ROWS ONLY</sql><sql date="1671375176013" url="jdbc:derby://localhost:1527/contacts">SELECT * FROM ROOT.CONTATTI FETCH FIRST 100 ROWS ONLY</sql><sql date="1671372140920" url="jdbc:derby://localhost:1527/registroAlunni">SELECT * FROM ROOT.STUDENT FETCH FIRST 100 ROWS ONLY</sql><sql date="1671270152612" url="jdbc:derby://localhost:1527/sample">SELECT * FROM APP.MICRO_MARKET FETCH FIRST 100 ROWS ONLY</sql></history>